{
  "name": "WhatsApp Drive Assistant",
  "nodes": [
    {
      "id": 1,
      "type": "webhook",
      "name": "Receive WhatsApp Command"
    },
    {
      "id": 2,
      "type": "switch",
      "name": "Check Command"
    },
    {
      "id": 3,
      "type": "googleDrive",
      "name": "List Files"
    },
    {
      "id": 4,
      "type": "googleDrive",
      "name": "Delete File"
    },
    {
      "id": 5,
      "type": "googleDrive",
      "name": "Move File"
    },
    {
      "id": 6,
      "type": "openAI",
      "name": "Summarise Files"
    },
    {
      "id": 7,
      "type": "googleSheets",
      "name": "Log Action"
    }
  ]
}